
[
  { "id": 1, "name": "Explorer Bear", "image": "/assets/images/avatar-1.png", "cost": 0 },
  { "id": 2, "name": "Wise Owl", "image": "/assets/images/avatar-2.png", "cost": 100 },
  { "id": 3, "name": "Clever Fox", "image": "/assets/images/avatar-3.png", "cost": 150 },
  { "id": 4, "name": "Brave Lion", "image": "/assets/images/avatar-4.png", "cost": 200 },
  { "id": 5, "name": "Super Rabbit", "image": "/assets/images/avatar-5.png", "cost": 250 },
  { "id": 6, "name": "Starry Cat", "image": "/assets/images/avatar-6.png", "cost": 300 }
]
