
[
    {
        "word": "apple",
        "he": "תפוח",
        "audio": "apple.mp3",
        "correct_option": "apple.jpg",
        "options": ["apple.jpg", "banana.jpg", "orange.jpg", "car.jpg"]
    },
    {
        "word": "car",
        "he": "מכונית",
        "audio": "car.mp3",
        "correct_option": "car.jpg",
        "options": ["house.jpg", "car.jpg", "tree.jpg", "book.jpg"]
    },
    {
        "word": "house",
        "he": "בית",
        "audio": "house.mp3",
        "correct_option": "house.jpg",
        "options": ["dog.jpg", "cat.jpg", "house.jpg", "sun.jpg"]
    },
    {
        "word": "book",
        "he": "ספר",
        "audio": "book.mp3",
        "correct_option": "book.jpg",
        "options": ["book.jpg", "pencil.jpg", "table.jpg", "chair.jpg"]
    }
]
