
[
    {
        "title": "חיות",
        "level": 1,
        "items": [
            { "term": "dog", "definition": "כלב" },
            { "term": "cat", "definition": "חתול" },
            { "term": "lion", "definition": "אריה" },
            { "term": "fish", "definition": "דג" }
        ]
    },
    {
        "title": "צבעים",
        "level": 1,
        "items": [
            { "term": "red", "definition": "אדום" },
            { "term": "blue", "definition": "כחול" },
            { "term": "yellow", "definition": "צהוב" },
            { "term": "green", "definition": "ירוק" }
        ]
    },
    {
        "title": "פעולות",
        "level": 2,
        "items": [
            { "term": "run", "definition": "לרוץ" },
            { "term": "jump", "definition": "לקפוץ" },
            { "term": "read", "definition": "לקרוא" },
            { "term": "write", "definition": "לכתוב" }
        ]
    },
    {
        "title": "בבית",
        "level": 2,
        "items": [
            { "term": "table", "definition": "שולחן" },
            { "term": "chair", "definition": "כיסא" },
            { "term": "door", "definition": "דלת" },
            { "term": "window", "definition": "חלון" }
        ]
    },
    {
        "title": "בגדים",
        "level": 3,
        "items": [
            { "term": "shirt", "definition": "חולצה" },
            { "term": "pants", "definition": "מכנסיים" },
            { "term": "shoes", "definition": "נעליים" },
            { "term": "hat", "definition": "כובע" }
        ]
    },
    {
        "title": "חלקי גוף",
        "level": 3,
        "items": [
            { "term": "head", "definition": "ראש" },
            { "term": "hand", "definition": "יד" },
            { "term": "leg", "definition": "רגל" },
            { "term": "eye", "definition": "עין" }
        ]
    },
    {
        "title": "רגשות",
        "level": 4,
        "items": [
            { "term": "happy", "definition": "שמח" },
            { "term": "sad", "definition": "עצוב" },
            { "term": "angry", "definition": "כועס" },
            { "term": "tired", "definition": "עייף" }
        ]
    },
    {
        "title": "מילות תואר",
        "level": 4,
        "items": [
            { "term": "big", "definition": "גדול" },
            { "term": "small", "definition": "קטן" },
            { "term": "fast", "definition": "מהיר" },
            { "term": "slow", "definition": "איטי" }
        ]
    },
    {
        "title": "הפכים",
        "level": 5,
        "items": [
            { "term": "hot", "definition": "חם" },
            { "term": "cold", "definition": "קר" },
            { "term": "day", "definition": "יום" },
            { "term": "night", "definition": "לילה" }
        ]
    }
]
