
{
  "levels": {
    "1": [
      { "en": "dog", "he": "כלב" },
      { "en": "cat", "he": "חתול" },
      { "en": "sun", "he": "שמש" },
      { "en": "red", "he": "אדום" },
      { "en": "one", "he": "אחת" },
      { "en": "boy", "he": "ילד" },
      { "en": "girl", "he": "ילדה" },
      { "en": "ball", "he": "כדור" }
    ],
    "2": [
      { "en": "school", "he": "בית ספר" },
      { "en": "teacher", "he": "מורה" },
      { "en": "friend", "he": "חבר" },
      { "en": "happy", "he": "שמח" },
      { "en": "book", "he": "ספר" },
      { "en": "home", "he": "בית" },
      { "en": "play", "he": "לשחק" },
      { "en": "water", "he": "מים" }
    ],
    "3": [
      { "en": "family", "he": "משפחה" },
      { "en": "brother", "he": "אח" },
      { "en": "sister", "he": "אחות" },
      { "en": "eat", "he": "לאכול" },
      { "en": "drink", "he": "לשתות" },
      { "en": "sleep", "he": "לישון" },
      { "en": "beautiful", "he": "יפה" },
      { "en": "small", "he": "קטן" }
    ],
    "4": [
      { "en": "morning", "he": "בוקר" },
      { "en": "night", "he": "לילה" },
      { "en": "flower", "he": "פרח" },
      { "en": "tree", "he": "עץ" },
      { "en": "apple", "he": "תפוח" },
      { "en": "banana", "he": "בננה" },
      { "en": "read", "he": "לקרוא" },
      { "en": "write", "he": "לכתוב" }
    ],
    "5": [
      { "en": "kitchen", "he": "מטבח" },
      { "en": "bedroom", "he": "חדר שינה" },
      { "en": "window", "he": "חלון" },
      { "en": "door", "he": "דלת" },
      { "en": "student", "he": "תלמיד" },
      { "en": "pencil", "he": "עיפרון" },
      { "en": "computer", "he": "מחשב" },
      { "en": "phone", "he": "טלפון" }
    ],
    "6": [
      { "en": "understand", "he": "להבין" },
      { "en": "question", "he": "שאלה" },
      { "en": "answer", "he": "תשובה" },
      { "en": "important", "he": "חשוב" },
      { "en": "because", "he": "בגלל" },
      { "en": "always", "he": "תמיד" },
      { "en": "sometimes", "he": "לפעמים" },
      { "en": "never", "he": "אף פעם לא" }
    ]
  }
}
