
[
    {
        "word": "family",
        "hint": "אבא, אמא, אחים ואחיות",
        "audio": "family.mp3",
        "level": 1
    },
    {
        "word": "yellow",
        "hint": "צבע השמש",
        "audio": "yellow.mp3",
        "level": 1
    },
    {
        "word": "water",
        "hint": "מה שותים כשצמאים",
        "audio": "water.mp3",
        "level": 1
    },
    {
        "word": "school",
        "hint": "מקום בו לומדים",
        "audio": "school.mp3",
        "level": 2
    },
    {
        "word": "friend",
        "hint": "אדם שאוהבים לבלות איתו",
        "audio": "friend.mp3",
        "level": 2
    },
    {
        "word": "teacher",
        "hint": "מלמד/ת בכיתה",
        "audio": "teacher.mp3",
        "level": 2
    },
    {
        "word": "orange",
        "hint": "גם פרי וגם צבע",
        "audio": "orange.mp3",
        "level": 2
    },
    {
        "word": "beautiful",
        "hint": "מאוד יפה",
        "audio": "beautiful.mp3",
        "level": 3
    },
    {
        "word": "computer",
        "hint": "מכשיר עם מסך ומקלדת",
        "audio": "computer.mp3",
        "level": 3
    },
    {
        "word": "kitchen",
        "hint": "החדר בו מבשלים",
        "audio": "kitchen.mp3",
        "level": 3
    },
    {
        "word": "important",
        "hint": "משהו שצריך לשים לב אליו",
        "audio": "important.mp3",
        "level": 4
    },
    {
        "word": "question",
        "hint": "מה ששואלים כשרוצים לדעת משהו",
        "audio": "question.mp3",
        "level": 4
    },
    {
        "word": "geography",
        "hint": "המקצוע על מדינות ומפות",
        "audio": "geography.mp3",
        "level": 5
    },
    {
        "word": "archaeologist",
        "hint": "אדם שחוקר את העבר",
        "audio": "archaeologist.mp3",
        "level": 6
    }
]
